<?xml version="1.0" encoding="UTF-8"?>
<beans xmlns="http://www.springframework.org/schema/beans"
       xmlns:xsi="http://www.w3.org/2001/XMLSchema-instance"
       xmlns:aop="http://www.springframework.org/schema/aop"
       xmlns:tx="http://www.springframework.org/schema/tx"
       xmlns:context="http://www.springframework.org/schema/context"
       xsi:schemaLocation="http://www.springframework.org/schema/beans
        http://www.springframework.org/schema/beans/spring-beans.xsd
        http://www.springframework.org/schema/tx
        http://www.springframework.org/schema/tx/spring-tx.xsd
        http://www.springframework.org/schema/aop
        http://www.springframework.org/schema/aop/spring-aop.xsd
        http://www.springframework.org/schema/context
        http://www.springframework.org/schema/context/spring-context.xsd">
    <!--1、 配置 spring 创建容器时要扫描的包  -->
    <context:component-scan base-package="com.lcw">
        <!--制定扫包规则，不扫描@Controller 注解的 JAVA 类，其他的还是要扫描 -->
        <context:exclude-filter type="annotation" expression="org.springframework.stereotype.Controller" />
    </context:component-scan>

    <!--2、mybatis的配置文件-->
    <!--2.1 加载jdbc配置文件-->
    <context:property-placeholder location="classpath:db.properties" />

    <!--2.2 配置C3P0连接池对象-->
    <bean id="dataSource" class="com.mchange.v2.c3p0.DriverManagerDataSource">
        <property name="driverClass" value="${jdbc.driver}"></property>
        <property name="jdbcUrl" value="${jdbc.url}"></property>
        <property name="user" value="${jdbc.username}"></property>
        <property name="password" value="${jdbc.password}"></property>
    </bean>

    <!--2.3 配置mybatis的Session工厂-->
    <bean id="sqlSessionFactory" class="org.mybatis.spring.SqlSessionFactoryBean">
        <!--数据库连接池-->
        <property name="dataSource" ref="dataSource" />
    </bean>

    <!--2.4 配置扫描dao的包-->
    <bean id="mapperScanner" class="org.mybatis.spring.mapper.MapperScannerConfigurer">
        <property name="basePackage" value="com.lcw.dao"/>
    </bean>

    <!--3 配置Spring的声明式事务管理 -->
    <!--3.1 配置事务管理器 -->
    <bean id="transactionManager" class="org.springframework.jdbc.datasource.DataSourceTransactionManager">
        <property name="dataSource" ref="dataSource"/>
    </bean>

    <!--3.2 事务驱动注解-->
    <tx:annotation-driven transaction-manager="transactionManager"/>
</beans>